wallet,nfts held,10 or more,AKT distro
stars1p9k8p9zaegef6c50fqs8h2ya2eslcd0qxsq2n6,107,10, 10.000 
stars1c8gphznsyfu52xqrvxkpw20krplp8gs0jv92f7,87,8, 10.000 
stars1qm9gkn8xrs87z57z4reevevjy4qztkdt0twfj3,49,4, 10.000 
stars1wv9zw2j23gw72tuf5hq03spe0xtrrkl79gf8ak,49,4, 10.000 
stars1wa3599xvdjjrhytu5yp8jxnq8m7h9jdpqndy5g,42,4, 10.000 
stars14eaylprxd5gz6dgxymc3uhnvass029es63pclk,41,4, 10.000 
stars17qf82c3xhuf2gxwam7fp48x657fcyt9arzvyf6,37,3, 10.000 
stars1qszltlwumsrxsntzl2gfdakzmncw5edkexz8vh,36,3, 10.000 
stars167x86wtm089su58a0sjg4cg4sumhqyktyqu7hh,30,3, 10.000 
stars1esht4tx9ep8lq3m3jh48e5fw6wf2gve6ypslnx,27,2, 10.000 
stars17ml0yc83r8sxa286lc5p2wsyx9dfkyu7v63650,25,2, 10.000 
stars14jayw662dsn2u050lmhpysqu64dz02cvv65nc2,25,2, 10.000 
stars16g7uujzcuycve5fn9zfvltwas3tq443hekj32q,21,2, 10.000 
stars1ru2gl4t9tku9gq6ng353qpcc6qhraec9r72ecl,20,2, 10.000 
stars1ap6adasc8tlumd9a2kwvaprf0x6wf4s6sj5f6a,19,1, 10.000 
stars1n45552m28f6ep54shzh45txtkff25flahswlpv,18,1, 10.000 
stars1awzq5gzp6yhhysxnawcv4u6v6dsc7zp9pexqqv,18,1, 10.000 
stars10mkczsrf8snhdhazkf7lav2hjdctyupv8q26en,18,1, 10.000 
stars1ddmmtady24ncs5z8k5tuqyvpcfvxjc6ury4t9u,17,1, 10.000 
stars14clzmgc98w02k3z5h5ukpvrsw3k3ryjl22vsd6,16,1, 10.000 
stars1340wwpwvp703vrjj48zr2flmw802k2mcask5pa,15,1, 10.000 
stars1gh7t8zfeym9c0emwcsnwjgcuew7fzqc73snrn3,15,1, 10.000 
stars1wtcp7m7589vdmsse30rsrlt357dwy0qygc79uf,14,1, 10.000 
stars10lnxkvncgdxqv8z8aee9pvyf9h8ddcmlzfzg0g,13,1, 10.000 
stars1ctq6esla3d299l3768g8329uxghpry2mkxfjka,13,1, 10.000 
stars1jjgaptenupkvczlxzryjgsnp5t0aktpxnzaw28,13,1, 10.000 
stars1z5x7q5v4v7a2pec2ml26w69v5suw970uvudm6y,12,1, 10.000 
stars1ywqjtwhtn02zkph80cgwlg6kkmzl8wg7zf08rl,12,1, 10.000 
stars1kqtp8pr8fnnejr07y2lpe8tqy77jw4jnrf7eqy,12,1, 10.000 
stars1fmkgregq3tsznnjyhj7wwlcnssrlk2zk4neket,12,1, 10.000 
stars1d74f6c7rgyyym57530rc2tt88fnl6wpdcpz6ta,12,1, 10.000 
stars1xh9ry0u6cnjq979zpt644fjf8heaclg9jxkstg,11,1, 10.000 
stars18nf84jgwkqypaplz45xyf3yegpu4vvhzf4wjwu,11,1, 10.000 
stars1mw6l2gd2l0jt8phz7yz5l7vyfl4h2qpkcvfc7f,11,1, 10.000 
stars1v72k4jfn2kd098gkgle4e36cetelcya7gv0l3z,11,1, 10.000 
stars1fk0s35eacvd8nm5rux44tqqpmm3jrfex964zfe,11,1, 10.000 
stars1z5x07m62laz6thm8quanqgvg42gz99s833eaqw,11,1, 10.000 
stars1czw8kd733420g0wpgt7kptprd2ql9dwzcqnw39,10,1, 10.000 
stars1jzt962czzt3ruwsapec9fzmrm7kcj442vjk36c,10,1, 10.000 
stars12s7cfwfj3jc8f89cw8ws0jfaux37tyjwj76gl7,10,1, 10.000 
stars10zye94zk083n84azn70q6m9zw6spls2gxmgj9z,10,1, 10.000 
stars1q94gz86lx6t2nuevglrxf8q2t0uu5tf4fkzzun,10,1, 10.000 
stars1442jxc2sdh0rpw20lt0w2gep50kypjy3culxc2,10,1, 10.000 
stars1m3yl67vexemvlkwfshy9szyv9ppkz96z40rf0g,10,1, 10.000 
stars1m5ldz53qlmfre2f4tvr4x82fzcgnah0u69us4u,10,1, 10.000 
stars1ulq7fsg6kj0yhnzf744l4amn64qrg7u6danuwq,10,1, 10.000 
stars1hasrs4nadnucnw7rr9tx90ztm6m9mtsp627h9k,10,1, 10.000 
stars1ut5jsw823mmvr5huqtz7evft6rplxc8a5gtwma,10,1, 10.000 
stars104aavf30j5uwvw2nnnmnp45hjzx60sdqwvfuqj,10,1, 10.000 
stars14q4c6kgg7xegcc88naqt6f8fz2skuzczhtg87f,10,1, 10.000 
stars1zqv58alxz2cyvdqdq2nz393kjy56edu36v8n0g,10,1, 10.000 
stars1sfc34ujkys84eeqmegm7lle955y3edyt5gf4x3,10,1, 10.000 
stars1d4u7tccq46dk9melcheeqdy5fd5eegj0xv2gel,10,1, 10.000 
stars1vuqv9y870f9x9agwv7exgdmgk2tgfgdwy8tw7e,10,1, 10.000 
stars1azes8zlagztlwps95mplm39vwpld08d45ejsww,10,1, 10.000 
stars1uf4txvfnchhkazqakpacm8v2uzjdua9e4var8j,10,1, 10.000 
stars1vuq9jaytesqkwm69h3mlnjdwr9atmjxpyvdgj9,10,1, 10.000 
stars1zge9wp6e2ty6u4h75qqdfwmhgat7wtxt6pdlz7,10,1, 10.000 
stars16xqf05lggllk363x7gppll5x8jh7yz89s8jnjp,10,1, 10.000 
stars1xp0qs6pkay2jssu58p8eap0epdhwx5mqrs5c3a,10,1, 10.000 
stars1ltnhvkav6sm6grd8phwjwtre0etaflmuz9zxy2,10,1, 10.000 
stars12kct4cfuwh7vevec7c4y9slmee949qrjp5ds2x,10,1, 10.000 
stars1xt2zcdhdf02jx5csak4t25lygfn4rwg7r2z2rz,10,1, 10.000 
stars1t8sk5zsucpxwyursv56yln43ndnucu73ejqr3p,10,1, 10.000 
stars1tnyrxmdk6jtw8vqsq74z8t8y562mgcf79fzhvy,10,1, 10.000 
stars1q3tz46plr7hsx3qzdssv5f5wy94av3m367uaf2,10,1, 10.000 
stars1zhv6enwzn04gsx70755xluxs6n62fwxjzaea4c,10,1, 10.000 
stars13h59ek02vmpra6zlcp47068pgxujaxje6zsvep,10,1, 10.000 
stars1eln5xqzf7wf5x3h88jmsh9f378mq7matzqemrw,10,1, 10.000 
stars102ekdccwk5rwdxmrs3husr7wak9fedacevs7t2,10,1, 10.000 
stars1spka087gv03vw3kfavlhd2kh4ur5hak0u2f98k,10,1, 10.000 
stars154d6fqzedwa94vt3p5ftygjsxwrkt5lukuln82,10,1, 10.000 
stars1dqsmw3sryd4f8ty8sl455ym6usznmdvlryggtz,10,1, 10.000 
stars13z9gcru6grgmql8ly8j2v6qxghj856m6sy5nuk,10,1, 10.000 
stars1c7l3lvqp53fdg4ux8yvemsf540s044ne29gwk4,10,1, 10.000 
stars1h3dyx82jpsdzdrs0d5a8me7apd27l6knmdnm86,10,1, 10.000 
stars1p5zwvqdqn73zp3z0sz8q8yeetae7gqwp3fu2ul,10,1, 10.000 
stars1wzddmu9pn578wzwwqjfwqmwyamdu55cuulg0gy,9,0, 6.156 
stars1mlxynkqd9js8tkdnkk0e27lgz7x9lt866n5r44,9,0, 6.156 
stars1tkgyd0c0pjdxcu6f7z4h8g65whvdcsqhlhwguj,8,0, 5.472 
stars14rstz7gchagv6hrgxvsfyvlx5jvytth2vp5vwa,8,0, 5.472 
stars14qnswsv5vk6ylrl5j43lns8rp8e9th9tgwx9mx,8,0, 5.472 
stars1ahr7sma3kvzfhu8yzeldl2fes4dgp3hu2k8xy3,8,0, 5.472 
stars1k8tnnhgk5cype9a5ur694rfha0efzv828nl7gm,8,0, 5.472 
stars1thh4vkp62q8zf2m6lvwqjtntvdevfyjvwswljv,7,0, 4.788 
stars192guner3ahpkfegtptmw2dfxscdqvg3fkanf9n,7,0, 4.788 
stars1mej7a3lv70hlgpm0u2q0dx7s6q3jqk4agvk8wa,6,0, 4.104 
stars17v6tme9dus6u5gtx4emdgdwqz567pct3celna4,6,0, 4.104 
stars1d7sw0t3nyajddyjtvwargqkypqx0yumdarq302,6,0, 4.104 
stars1qwjzpda94a5ewa5r5ky6p8reffzu5dmud6eys8,6,0, 4.104 
stars1thvncfatxukryyceuqxh5fzvxa57sj7q6530t3,6,0, 4.104 
stars1yks4wql7ukkn8tkx7cxh037d5c4a04lmtfmu45,6,0, 4.104 
stars1wpn7vaquydf77wcrsrlmuu9m9lsd8a80qdjxhy,6,0, 4.104 
stars1yklmnxzg5ht8kys5vmusk4j4yvx5k7esvyk393,6,0, 4.104 
stars1yfgvyv3jxact4l6vkdfs0kdtsfvkd0ch8rd5tl,6,0, 4.104 
stars1nevrswxvenflzlqymn54n3nxvc4ug23qec6wvz,6,0, 4.104 
stars1k6drrhlzkdy9rmgc4ekaeathcdpn7gwgccsvka,5,0, 3.420 
stars1c3368797lh4vd2zws8fhgesg4jtgr3gzg3uedk,5,0, 3.420 
stars1v0ulf080nvcfu36ln8t6rkr4mg45mks3q952ag,5,0, 3.420 
stars1zxk9h3434pgwc69k6mvmawmkhc97zrucnzl7re,5,0, 3.420 
stars1kjqa4ew38sne0a4fqv7hv3ue3rtggdz3xnn3dk,5,0, 3.420 
stars1hchpqnczqy4enuyjqjvhksrhk2nvtlrd4lvjup,5,0, 3.420 
stars16cgl3nhhxnrw9pt4m4cnvhht3qgpv90vu7yjh2,5,0, 3.420 
stars1lqrna6lf35h82dp295d97gwz33qsr2d9sznj7s,5,0, 3.420 
stars1243yhe2plcqqkhwkl8dwv53nzvxrdye2qe6y3t,5,0, 3.420 
stars1hh4zf2tmw20fr76m3rklyfhs7dpw6wv4v3cdm7,5,0, 3.420 
stars17fx073x2s2hdsu88dt09fvdp0wwfkejykqqy0p,5,0, 3.420 
stars1f4fqgj2htmpff6qe5nnhgl42pevekl34ykdah9,5,0, 3.420 
stars1653zl4eawdjuuegr60czxxz2z47fe7haeld3y3,5,0, 3.420 
stars1shj3lsn5hgq3qjpspur2rwrhuhlv7qf47hk2sg,5,0, 3.420 
stars1flhs29gr32y3xywvxuzqxymu5pgvyyat0r5epn,5,0, 3.420 
stars1vyr25fpz2httevfz65mgcrj2kaurw55m6xmc68,5,0, 3.420 
stars12y770gz4m9x4qtgkq6t8twrn42cgnwxmmhatdn,5,0, 3.420 
stars1yrd0sl9g2j7fglxunef2agr7u3j6nsapus7vsd,4,0, 2.736 
stars1yvjzddtyg5jt2vruea0wgyqae9dwqy3d20p0fw,4,0, 2.736 
stars1yucffj4d7ahgnc4trvjj32sgsw02d86uul0m29,4,0, 2.736 
stars1xwzjnzrdt59zc8r69mkzmdeyzhrwy3p9gzfw96,4,0, 2.736 
stars1gz42gykppkt5se07mejl98mst3hgr9l0uu73rd,4,0, 2.736 
stars1r2s7nnymn2g5g5gsmj56cvwttuqs86ky763ue4xqxvdv6f5k8ewsar5kzp,4,0, 2.736 
stars13vk23rl6hmswvwexd9f5ae59egtqy2p7y3glqc,4,0, 2.736 
stars1shzdv2ke6dhud0y6n0vf69ss8asxxptwwgxhxt,4,0, 2.736 
stars1ah0ed0sxrftj02m8jc2srxuhnfh8a4085pw7wz,4,0, 2.736 
stars1urcmv4ge6n64f9xydw2crjjyml8ezzu6ekg69t,4,0, 2.736 
stars1r6f5tfxdx2pw5p94f2v5n96xd4nglz5qdgl4l3,4,0, 2.736 
stars1z28n9utzj7qtj3p8aqafl6uqjxakx2fj9x7jw0,4,0, 2.736 
stars1uycs6c6wg6e0ewkm0thmv5smqcnd0c7hdezmjm,4,0, 2.736 
stars18lxa0q4qeu39ntqv92xwged50qtknxf5678jmj,4,0, 2.736 
stars1dnl83rxxgg29d7zgwam9sldnr6chtftdvdcvq0,4,0, 2.736 
stars154fvcpg0qesfnegljtpvjamr5azw548mty3tg7,4,0, 2.736 
stars19l954shqkvq8uw4cvu2gqtu3duxdjktv95r8xa,4,0, 2.736 
stars18hj0dztsqyarjvfa30d64csj3ms06er3a8cjg3,4,0, 2.736 
stars19xa058q8h79x2ws22hjtawuer0kjzj88tsj8vl,3,0, 2.052 
stars122nsp5l3uuqr36qh29puasqmlrvxpvc8ng3hlc,3,0, 2.052 
stars1x6lku838dmerjaslypgm2ykfs66ec7da72pxgk,3,0, 2.052 
stars1fqrqcrjgl2fjtyfm4hz9a222uaqgp0672eqyl7,3,0, 2.052 
stars1k53jk7cyqk8rcwfd7a5x3t4jwnds62glsfmvsn,3,0, 2.052 
stars1eck27qefttt5twxsg38gsr0q0hr4e3vvxg0vvc,3,0, 2.052 
stars1w8n4twwlms2043fedj8wqenykkv8kg7tk090q6,3,0, 2.052 
stars1ja86k72hx88v93pryjesh7g4572z5pwgz5uc0s,3,0, 2.052 
stars1k2ptg3eutafspp67ym2et4rez3fryd4g025fy6,3,0, 2.052 
stars1lh6ruf253fhjykdesvfccy0y0vhjque4uwcey3,3,0, 2.052 
stars1fvnn96kq7xex7t365ltva3msu6ewntxf6ur826,3,0, 2.052 
stars10dmz3m9az53sa59fjmlea7wsjdme95yj0s5xm5,3,0, 2.052 
stars1uj5wn54fuk9hf4esl6yhhqszqg2vdjw27gmctl,3,0, 2.052 
stars1jsl39dn5swpa6rmx3lfpydyg72dg0dqgkp9gk9,3,0, 2.052 
stars1ftkdaf64j80fvdxc93n489djm0hd3830xs6ksf,3,0, 2.052 
stars19s4gu54h5c6sh8hx4cs6ydupkdut85elfpfxwl,3,0, 2.052 
stars17drl3u8mxy8nyz5fcrudnf5cjagst7kv0kafdv,3,0, 2.052 
stars1cxrr8e8ac76llvd5vfcjnap7jd0nnnejjwzm3u,3,0, 2.052 
stars1pw9gjw2tfemev933n24zsjnwarnd6rm55xr3x2,3,0, 2.052 
stars1uvelw7wxdsnulwcwhtxv5gwhu53nluuqwftutn,3,0, 2.052 
stars1fj8d32l98legw3l23ag5gl6ulc64akfrkwyuhc,3,0, 2.052 
stars1qkjcqvwclse06h5zvznhnp9ngvzz74z5pst5sr,3,0, 2.052 
stars1uv8udvgfkf0se6s5qtpnvdef8na222lyf8x6e0,3,0, 2.052 
stars1r0a6pwt3gvlzlfjndmrdsxq9qpycj9zzm2qy35,3,0, 2.052 
stars1edwg4xwka78khecqv7ja20cha9nhqd9drkw9vf,3,0, 2.052 
stars1cvg5dsprer8c7xl0cl966qq0emnjthtwwh4994,3,0, 2.052 
stars1xuwl7x8htyl26t7pe3l0x6auj3j9jwd2k26qx5,3,0, 2.052 
stars1mdsgxavm5nhee2mmxkvlxe687xul776pvg30rt,2,0, 1.368 
stars1pujpfg34u8vfyal66g073efcdy33rhuzv40r3c,2,0, 1.368 
stars1ljd6d8quzfn4zev99unxnz5x89frev3vtgy59c,2,0, 1.368 
stars1nprfmp9yqlmej34vhlqcw2xdk6gtzddadjnhtz,2,0, 1.368 
stars1haql8s8dnn02nz5xjrwmamhskquz3aheqsjafq,2,0, 1.368 
stars159d3sf8pj3a9pmmchgadfquegymu3c3fyvn2py,2,0, 1.368 
stars1n5ccr6zjrqp78gyc07jvmspx39x2xmt84qttf7,2,0, 1.368 
stars18gemsrqaavhlhtmalgu782kt75qjtnylcw8jmp,2,0, 1.368 
stars14trvm9aqra67uykhquxrykffr8zrnmq53sknc4,2,0, 1.368 
stars17dc8ppd32w2lvah9hhcls6dksl7cma90mkeyhl,2,0, 1.368 
stars1znjj0ck2xlu9h9a5txe43ckwx25vu6svmqrtcd,2,0, 1.368 
stars1pw4j58t52qe265q3j99h3fpgz5zkxej6qcydev,2,0, 1.368 
stars12mcpgjumqzuaysnjrj0dcdgxaeunnmer2adq64,2,0, 1.368 
stars10f5p8e60fxpy2pws90rfc768ct4rswk3hnglzv,2,0, 1.368 
stars15hxq8y8w6hwpjxxzqk63uh97258jv2xdh25wk4,2,0, 1.368 
stars1d3fu8pyz7adyr44fv3f920rr4ym60r9qmx6fm3,2,0, 1.368 
stars1mglvavjesfqw5pynkgzhu5qhfllr8ufmyepd9v,2,0, 1.368 
stars1zxp8vsjazw944pyccr7rhvxdatl7dj3keswhfy,2,0, 1.368 
stars1qjyhwltp3h5qg5d2a3rarvhfudpm35mjlkgzph,2,0, 1.368 
stars1mnpgyz4lmnenhr85cjun6v2zx0rc562e6fmlz5,2,0, 1.368 
stars1wryt0g4g7h8eldzankzpx55kraljjepxs9hguc,2,0, 1.368 
stars1km4ce0jeu6xqe0qd0pj22q9k3dzav7njsaln3v,2,0, 1.368 
stars1t970zha2gy7tzqz57mgpr08l22fexzwa8ackm8,2,0, 1.368 
stars16chv643q7dhz4dxt2jpedkw4xg0hcvez36jth5,2,0, 1.368 
stars1eu63507y6zpk87xs99dsvmxdc5cjmgwvgj6qms,2,0, 1.368 
stars1k2udl7s6zcyh2qun6077zxwh2vfw7f79glm940,2,0, 1.368 
stars1k9w7kl5t2e869l55x6v0jem67j39rv2q7vflxt,2,0, 1.368 
stars1fcc74g3elt6sn8ng43dt9x33eygszv4zuwgk4d,2,0, 1.368 
stars1zsrxgvyez7e4kgwtenwlz6hr7e7ld5u057048m,2,0, 1.368 
stars1yapj782cpsx9u2nd4fv7yvqrumv9jlzrzcd6zp,2,0, 1.368 
stars1cxyjsjj7qjkh9gearccn563hwujrqdew7aqdh5,2,0, 1.368 
stars1l72ayh6xpge306s6jwr6l5dflrj35kfkq3ddys,2,0, 1.368 
stars1elcpqhr4t53fkg4ae6r7g8c84f54rgd5h9kt0x,2,0, 1.368 
stars1j2q6x22gep0ed8rqs3vpft6wfhuc3ql47yffs2,2,0, 1.368 
stars1cyu8ct822xqv2jr53h6s6wsakmn8u2sf7xau83,2,0, 1.368 
stars18n8s344fyxjevxzzqgx024gjmansdfgtpxwl62,2,0, 1.368 
stars1hdsmz2kqftgk2ypa5t62aauvl0y3c2nf7tqh76,2,0, 1.368 
stars1x0ast793mef7hgvxa6qmnn794fqgpynetugxjp,2,0, 1.368 
stars10fprvst2txczh7gkeakjrxe9jr7y2uzqzfsz93,2,0, 1.368 
stars13up3r5wyheycdu4vc8quvdpxapt3dp74pglt7d,2,0, 1.368 
stars10m0rgyr00qq33dfq3p99s4kz3kcppkuw5qv3jt,2,0, 1.368 
stars1gt9pr82zf7ape60ydx7cn46q2wc0axn6dx6ze3,2,0, 1.368 
stars183sqv5w0dut265x397j7srgqcyu0dg0tqd44sh,2,0, 1.368 
stars16rhy654emz3pv6ueajh2lqud4gja2xnuv87jql,2,0, 1.368 
stars1x3vpkxxwvw7un639yzeaftjlxl0n6qvjwss3xz,2,0, 1.368 
stars1ngwd47pfleskhvvthd8vsv0gfg7ulff2nfay73,2,0, 1.368 
stars12el7fvm4nehzvh8njeces3tht7nxp2mhycpdhj,2,0, 1.368 
stars10datnnlcjmrdl37ka0g4u83chvxpfafmr3459c,2,0, 1.368 
stars152e43mu7d40r868f5exqfd7nqju4nmp999le2z,2,0, 1.368 
stars1uehhju07geftd24dj7uwfr8ekjz0mg6d07tjpn,2,0, 1.368 
stars1l8ldylu4hpf97dwhdt98hcuk4c5ga6mwf2jxq6,2,0, 1.368 
stars18uekcazhharfnl27e67jw82xzt0thqm0ktdt95,2,0, 1.368 
stars1dkk0lmjdkp5e0mmy5qf4rsjgd0amcdfv8f8qs0,2,0, 1.368 
stars1m7kgefq85vkfvkwxpsd57muxk5fq06edsdqkg6,2,0, 1.368 
stars1rfv3z48w8u8hh744kkrl85rquhus2yzvtnjjvn,2,0, 1.368 
stars1x5cymrkukjws0c5s0lqdphr5cvv992u2f0gpem,2,0, 1.368 
stars1g300vjzjy9p76zu5y28e7rz967qrdxuzdkqa8f,2,0, 1.368 
stars19xma25ppv8ugwtvzpx5n5mde67ngazy4rdyas7,2,0, 1.368 
stars17k9ask02js28ahprtgrcgvtny5dnarhv27uk97,2,0, 1.368 
stars127e3eatrel4wrlgkg2kf4znggedv7qn5pvqd3w,2,0, 1.368 
stars1e79nn3q69ud5wvlmq07a3tnr4s4hnm8383n4hj,2,0, 1.368 
stars1kyaadchfqywh74cmdp4v32afytzxcr4jnmcev9,2,0, 1.368 
stars19e3lcuv452a99pthwapm56uqgj4jwc8757l3wq,2,0, 1.368 
stars1f205t3y08u7ew880wt2ywa2syjm50l6lv4wk7q,2,0, 1.368 
stars1at8axsjnjq2kdvapg9sf87zjde8rt9va09vrw8,2,0, 1.368 
stars15uf3lrf7zat7p8hcy6hkpzqzg2nuwn6sqp6h72,2,0, 1.368 
stars1kq59mcanz7zwqyllt669z3vv5pzen9wthjlqnq,2,0, 1.368 
stars1t83h6eg69qz67fchtt9w9tkpcju27w6p502m2e,2,0, 1.368 
stars1kwuwr5tp5j3tjv9wyxpwyk0z8ntctmakean33k,2,0, 1.368 
stars1yvvmkmyypxhsmyzmfc5xq8kflrjc604e5w790a,2,0, 1.368 
stars155gygt2awt09mczg5um5q4uxkvcvh7htxurlhn,2,0, 1.368 
stars1ql7apde38p938g93cpaqt6043ners28zp37tfu,2,0, 1.368 
stars1p77sfv0aefkxst0uuc5vvavuvp08jw3gww9ty8,2,0, 1.368 
stars1qyfhmkmphr9vsfjgrgvch65vklec3k5ycv7g7l,2,0, 1.368 
stars1gxhrcw73vyc40adznrtp3nugfcxsg66luwts5y,2,0, 1.368 
stars1secpmv4xu4c206kx0tw33a86qgls25haftgakv,2,0, 1.368 
stars1fuvcqj8uw8mkysptlfgjjshvn60jvmhr5s7stf,2,0, 1.368 
stars103verdnv4pzztty50ua7gs5gj25l2gwud4yz2f,2,0, 1.368 
stars18k5yh8nk2tkxygckx25qlw68uw7wush5sk3447,2,0, 1.368 
stars1vhyehvlgcrnw6hhqvtlx7wnj06zykrl5wmjee4,2,0, 1.368 
stars1veulyzm0h3gvswh2ham0d904p7r9jwz959ue9l,2,0, 1.368 
stars1qw86a0arjxqkjmwgcguh5dgnsfuldcm3fkmr77,2,0, 1.368 
stars1mp3knpf4yka3dk6fm6h3qprhet26x5exjlpest,1,0, 0.684 
stars107duet5hlzg48v8vxv6uq9k56rgua28f20ru2n,1,0, 0.684 
stars15qypa0nx5yn2jdvms26fcejra6axjdea6nyk4w,1,0, 0.684 
stars1yuar22tv0phd4yjq7tjz2peu8jvtzmfw0wknkm,1,0, 0.684 
stars12wn2hrsr56ej5fzyk9sfcwpulhyclrzg5vn06m,1,0, 0.684 
stars1kgc2pfavpt03kjpkw27znh3aag6z7840x8f5ys,1,0, 0.684 
stars1l9gy8cn0nzz5rp86xmdmn7rcq6w8vw9umcujgm,1,0, 0.684 
stars1yhfq4vg6dpqrnlmsn4lswre4h82lks4zz46n3z,1,0, 0.684 
stars15ae553j3er3mx6c08vnhvkv8k4e486pwq9htwy,1,0, 0.684 
stars1wuv9xss5vc35wmlf9v0c3dtknqq3n0q2jdtusx,1,0, 0.684 
stars1dsq074k5h7672fa2pqrjek06u8vw9az3k6ct58,1,0, 0.684 
stars1gwvu0yu2f73v3tks349j4242s9xez4eyvtqvlv,1,0, 0.684 
stars13yn736avqxrgr85hvntrqmya8g3zc3mz6u2pht,1,0, 0.684 
stars1ux2cshgv2g8a0lu9c4gepcgmqx025yuyy0hx03,1,0, 0.684 
stars1hzqwj0fj2fjf5wgtwfr6suy07xfud3ksdr5mqh,1,0, 0.684 
stars1nf3f77wnp425q8j2xq48u8at8ltv62k6rd7qdx,1,0, 0.684 
stars1rzqlze8gedwvw0tctxl2k9v4fx7lg6tc0453a5,1,0, 0.684 
stars167wxjvwsd2q005efqvxkgpg0sfqn58c34xnm30,1,0, 0.684 
stars106v0dgp92mwgerjph7aw84wwkutzuq4z093q8x,1,0, 0.684 
stars1tkntk2k7gaxj04slteyzt68vhvcl7ssez05dsf,1,0, 0.684 
stars1furkjfjyhsrx4zht4ps6f0r95uj4aevwxsxt9u,1,0, 0.684 
stars1cjve7k9qhumqjk0mhe7ckpx2npwn9z0y3750nf,1,0, 0.684 
stars1jmfnwmq9ga02klaavfkt7lvqhhd8amfzxxdczj,1,0, 0.684 
stars1y6603qh08ttze6vaqr3ucmclq4xxj88xx0xemy,1,0, 0.684 
stars1n2ywrr3987u02tglqk8p7s2jmtklmackxkpmfc,1,0, 0.684 
stars1nvpgw27cn6xpj90xqmwgpdpluj0hyy9xpfrsqc,1,0, 0.684 
stars1cyckh9490mjxsp8k4ufvn8442aech2qhu45vfq,1,0, 0.684 
stars12wkgg6kgwcat42682ch2r4fkc5s5y8y6gsypmv,1,0, 0.684 
stars1668tpadlrpuf00zkvqrsj3lx0s46lf8fqj55l5,1,0, 0.684 
stars17pylfdfy9cza4vmvwd8af6qx8alf8fyscvw53y,1,0, 0.684 
stars1w4gwdd5dxszkat9vk7qv6egmmj6jgrre0mfymj,1,0, 0.684 
stars1pa3j25d2xkth2htnes2pcj9tc70pky6sewq4q8,1,0, 0.684 
stars19gluru0gr389u62zyv20uxkhv9zaex6nf8xgwc,1,0, 0.684 
stars1rxg5pcxhfenqmyme6ngvvwnkvplfvjpu5g5223,1,0, 0.684 
stars1gva4w4j6um4p7t9msxknqqlxvqytm8pnzlves7,1,0, 0.684 
stars1y2quqwr4hms6zpdlapnfpclg4ucck9zth26670,1,0, 0.684 
stars14glxrtyya8s3evuqqsjvr76pdjexspt97w27ru,1,0, 0.684 
stars1w0gtue3n67frrmdtyymrcurafnzc2jsdqzejm6,1,0, 0.684 
stars1xc4ter7gj3t97780wp8a23ncnv74mhald5927x,1,0, 0.684 
stars1tkwlz65yp0c9l2zmcdawtepgvpmvgkaapcrmt7,1,0, 0.684 
stars1vkmfvyed4203jnwts0kty6ufxu9t2t8umy0ymz,1,0, 0.684 
stars1vhzt46har4ujm9tzj8suf5vlk8vlczjw5q6ga4,1,0, 0.684 
stars18qdunmm54tlw4um79p35cfz77c6dadc78vxu8u,1,0, 0.684 
stars1s85srfkevtxk5vs3fr520ucrtgf7e9k37n34te,1,0, 0.684 
stars1fmvxqxjsh85pjn0txeycku7qxcnnprfsu77a27,1,0, 0.684 
stars1huwcd2d0v42x5s3y72l0wa69sfd4al8nvsahy9,1,0, 0.684 
stars1jrwcry9jjgzzc5hn84u735r304uwwl3z6fx5hq,1,0, 0.684 
stars1qsp85ghzfq5af43veaa6vm8xglun0fx5t9ek9p,1,0, 0.684 
stars1efsj9hrsuhcu6lmamm544n7syfn58kd6m24ztk,1,0, 0.684 
stars17aj77rmqug878y3kceva493mcujj6w7pwh2xsk,1,0, 0.684 
stars14dy93awv3x3l222argjg22vlyutrwqqgcml4gp,1,0, 0.684 
stars1ae3y7ymqxtagskl5t95lu3kthpm23ydztzmts2,1,0, 0.684 
stars19g4h644j3z3dd98c0lg0xmjex8axerrgum8rel,1,0, 0.684 
stars1c2zunjn7ynp7qtz0xf5j83pmgl9vwrx85gy5qv,1,0, 0.684 
stars146m295jtgnxtyl9xhlpw8ma7kg4djvjrj7g862,1,0, 0.684 
stars1f8jew2r0gkpljapszkz92vrpcatcctkxek3zym,1,0, 0.684 
stars1sle7pxe2m4g0fphvrtyzvek3wqs2509faj4pvx,1,0, 0.684 
stars1a3sy3f509jclqc7k90g4tsujsr274c4jve959y,1,0, 0.684 
stars1s43g8xes662vgs43gmca9za3qrfv5ztr5mmp99,1,0, 0.684 
stars12vzg8cjkxgh8j07kmw0aulqqdqec7cdg6nuzct,1,0, 0.684 
stars1vss9v2rq0ggnnyn4ypu3dpu8djuuhveud2kqzx,1,0, 0.684 
stars1mh9aqxcs778ndnehnu7h0mzuem8pkms0t07vhf,1,0, 0.684 
stars1qwpxmmkwnjkyzpc4ttev2rxguu8l6v4eg6pf7s,1,0, 0.684 
stars1m7fp3yd2r5h2u4uu02m6nstceranss8vws75t9,1,0, 0.684 
stars1qzdaav8ezcp3ugxz7wwzqzg5xlfxvgy9ky6x2c,1,0, 0.684 
stars1mdw6c4uw8kgj2elve6nk3s4ntl052gt84l7vy7,1,0, 0.684 
stars1j29q4d87h33fq5umhctnj23lhsegvnfpxsx872,1,0, 0.684 
stars1h0dg3qgvw3y2fwtmzueg8a4gspm3p8qd96zxa3,1,0, 0.684 
stars17kqu88e5dyh0n400a9f0umqdfq9ts0y6r9lpz9,1,0, 0.684 
stars12a5t5rmcw4xqcl6ta9s4et49zhykqsncgnx68h,1,0, 0.684 
stars1sypqufzxkqqmul7g8f8xz0hjfkgsj9qu7mzddq,1,0, 0.684 
stars1p9hsmt9z6pt008v9rdfq5vv3pkqvnkrlrge64z,1,0, 0.684 
stars1qj24duph5vgtwxmfnk6ecgcw0k9z8w3fkhr8ln,1,0, 0.684 
stars18e4fdwr23h9j2e6uucvuzsx9gwhys3q07c2jgf,1,0, 0.684 
stars124xtvj9ev3760q33ecam090xs33j8a833mvthz,1,0, 0.684 
stars1qp47ummal6vlmwa9a6yznwhpdhfdea5rk4g7uq,1,0, 0.684 
stars1wvgwyvqh7gwus8m684jhdhzs85fgtvj26tm8dg,1,0, 0.684 
stars1yz4wmwawc50755s5k44v24cqp607yawmxa7t69,1,0, 0.684 
stars199dm0ugv50k4qgcsxjc8p2rertstltxvkddcc6,1,0, 0.684 
stars1ssgz49n7a6uc0xvxwmx59t60mgktnk23musf5v,1,0, 0.684 
stars1d49fac9f3d8s34t8kh7v69uk37hwz4nzv6nn9c,1,0, 0.684 
stars16fg5tyhezfzr0wekffxwwj9sj2nm7432f34xf8,1,0, 0.684 
stars1sapcsmxdaccwazmw3v3y3sd2pqn6tpnza2r85g,1,0, 0.684 
stars1rxhu2cwy9z9xxeqshznnx04w098cz2vpzwwkju,1,0, 0.684 
stars1vz6m8yz99njl7yjkhu76ea69hk75mera9um0wp,1,0, 0.684 
stars14m8ck60lurr7wfz2lgezzft2magr68p939umql,1,0, 0.684 
stars1vn0zhm5kaph5736ys5gykglz5ccvjt2lans74m,1,0, 0.684 
stars1fxgj0ekxqqe9p2jj8a4q48ann7w7n9zs270t5q,1,0, 0.684 
stars1ns8w45q5luacyeagfy4zj98ajxz34wwllhyf9m,1,0, 0.684 
stars1chlpr5rzmk99ctx082ekeh4zscvjjeca0pm0e5,1,0, 0.684 
stars15ucydnzg76mlt6kc3j4qmqtxh733k38382e0xz,1,0, 0.684 
stars1jjlltckj572cdscmhl5wg0dwprvn3ax93qa0r5,1,0, 0.684 
stars1ypv9h04t20uck5w5d43zvcua0vxlgxf6f34622,1,0, 0.684 
stars127cwa80wayk9323dzqm5vgapwnxhkd7qgpfcyc,1,0, 0.684 
stars1c5txl47ea73x9g535lefzs8u6engjrssfv8hjz,1,0, 0.684 
stars1vq0tat38jdu05muyw3gtlzx9jh6884lflg05rs,1,0, 0.684 
stars13dysgqft5q2q7a0t0skh4kxe5q4uxpvyzrd3zc,1,0, 0.684 
stars16vrpzr6hfqmmktqa9u2s0qm6qw0sd6payrkqzj,1,0, 0.684 
stars1ugmyqw3ac3te7969r2ppt0my545k68jzm9rgpx,1,0, 0.684 
stars1kq4twyclel8390nd7vh6fl5q9cefrxvjq3hjhf,1,0, 0.684 
stars1zvd8c2wk0dup5rxctysa6p0y6ruu0c34np0s8p,1,0, 0.684 
stars15x84rgw68x6v42c7drsgwng0dzt8ylvfwxf2g8,1,0, 0.684 
stars1ytwq2npcsl6wuysct3d0lcyxh6yeytsw0ma4cn,1,0, 0.684 
stars1evhrfqrcsfn09v7x8fylthlxrk2j4pc4j646ww,1,0, 0.684 
stars1tjs39lq7tal7tymq0f7pt5c03jvnnc502knqqe,1,0, 0.684 
stars1nu5jfcwjcwaqxea9m56w2gwnyaugenylrqyz30,1,0, 0.684 
stars1jtzuj4rgq930a04krdes5x5068dmhcxnr459hk,1,0, 0.684 
stars1gvp6ha48jm5hxzw6qsaarc8qjjkuqfpwlx47th,1,0, 0.684 
stars1jdj2vde2pq8mtmxxgssgerjgeyn6y2q8wznmqn,1,0, 0.684 
stars1lvq6m4p5u4yza3w55nlu6h6m0vptj3zsundy85,1,0, 0.684 
stars1rg6egwmy4570ck8aa7z772p7atasr547x3dart,1,0, 0.684 
stars1s46jmv3c05usk6yk50tyy8axc4t9rglrvdky2u,1,0, 0.684 
stars1ypl3h2y5gcfan5xyy8vdxcug7spen3q656586q,1,0, 0.684 
stars1cg8y0xknep2wkkv6a06sjy7jrmf26nyc2yzcdz,1,0, 0.684 
stars18pf09c2smpjlzjy5pphkfsjq6hz4cw0kvhfgnc,1,0, 0.684 
stars10wc2z66z8racdeggprl8kwuspetc52l8nrdm4u,1,0, 0.684 
stars1tlwqprz25j0du3z44xsy3m7yzq63z0qhwhxddj,1,0, 0.684 
stars1l0sd4kzakf6z3uz26l8ff0hg08x9etvu0nyr8l,1,0, 0.684 
stars19y0q6r3stt3k2t9aye2tnyx6kpyq5gnm4elhph,1,0, 0.684 
stars1l8tugg79yzphl73yf04ykt0mjcj5agpe632zgf,1,0, 0.684 
stars17ya0r06q209kphtuvcg2lv4p78yzqz99qrewfy,1,0, 0.684 
stars1hy2sy6t5cjyc9gvxtrj8k3umq43ujpavl4v6lh,1,0, 0.684 
stars1vhj4mmtkjke60vvcvuylg4vduhqgc8y494gn3y,1,0, 0.684 
stars1uzr3q9xfkxdqd884gxmvflu7n57pe6swglpttr,1,0, 0.684 
stars1sezunc9x6zwqldypxnn26r9mkqvvlr95fx9zsg,1,0, 0.684 
stars1yjwzr7u8u64wtdycmgj9lcn98qr29hs70g28gw,1,0, 0.684 
stars1ey6p6d3urju8s7f4n4twla7yq24pp3xu9ptez8,1,0, 0.684 
stars18y36q7yj8cnrdlduwv0k9pq237dvrad9smgw3a,1,0, 0.684 
stars13xc3jfv4jdr6uza4duh3p9etlfe4ss98ymzrw5,1,0, 0.684 
stars13293xuzergyea8a4evfl3y7m5pmam96qku7ntv,1,0, 0.684 
stars1f3cqss2xwav7wxu993cfj4lldtvqs33lwudlqs,1,0, 0.684 
stars170vcce0yaauy39mn9l4k7xrjwkfslhk2sfv3wy,1,0, 0.684 
stars1q3g2ack93wd39cuaavx7d5v0z63yc56vnc9mxh,1,0, 0.684 
stars1yxp82qlay8768867clrg64kje9dyv4y6hta3ff,1,0, 0.684 
stars10jm8fvdyqlj78w0j5nawc76wsn4pqmdxwjyelu,1,0, 0.684 
stars1c4gcfuhajkxcz88c3t6pmhmm3fklwxugyaunxh,1,0, 0.684 
stars1k0yrc6pxkzjg2jgz4vykqcr6eg26zv7u83r2m3,1,0, 0.684 
stars19e3pyu53c0c65zcdnzhd4t680pnp3m3myngv7v,1,0, 0.684 
stars1ddwrrkfmygl2gsf7wfs8csx3h9qytv690grwjp,1,0, 0.684 
stars1lgu66ly24wz0x95hkhuzny754hfm9pkuy8nttm,1,0, 0.684 
stars1t55v63cjyc6hj9ade2wz6t6u5j6llqvxfeqdyz,1,0, 0.684 
stars1zvk2aat2lkpxxdjvm0kknwf7hm4ymne80fk3cr,1,0, 0.684 
stars13er3dyaq6pyufu47rxh62sjwp2wljed43fm7k4,1,0, 0.684 
stars108qgn3w3rfp76ss20u3rmcky4m52pgarp7c475,1,0, 0.684 
stars1zg453l326xgrk5nm2prru4teqkym8zc9a7swjp,1,0, 0.684 
stars1s475d4waxa9gzhg72amdk64trlw5psddkpr84u,1,0, 0.684 
stars1y0dtrkq8g5lx6lpex5cqqq7ktm6a7ymessm58u,1,0, 0.684 
stars1703tk3dzw66ww0z8ex0arxtmryrnf22ncr2m8x,1,0, 0.684 
stars1jnhje42mwh7yzxcc459vl3vpnn9a05m6v20cde,1,0, 0.684 
stars1qmlges9ql07rd9ycfpxzrvn93s4uygwa870f2t,1,0, 0.684 
stars1tzdhtz7k04q49xrprrzxlelfq9w2cvskgneafd,1,0, 0.684 
stars1xug46uep68c3g6nx5dt8m3jvxvfdenrkzw9dm8,1,0, 0.684 
stars1x9hdyg90xqrgna7kun4dxr2e9nzdweucm9s5en,1,0, 0.684 
stars1dy6c2gvg0802ujsnkhcg3f0vuvqwypu3kay4gj,1,0, 0.684 
stars18kydt4gus90c0ml8rw7v46vxvc8qfplhe3sq2u,1,0, 0.684 
stars1e3sqt48rq0sn6ukc79h2850vh3rr8mht8hluuq,1,0, 0.684 
stars1yr3ql5g49ffqz4pme5949wv8kw5zetnxc65kwf,1,0, 0.684 
stars1gjej6szndkuaadfsu4u8mhrul6qhyfrqrpdtp8,1,0, 0.684 
stars1yclrw2qxzmyjxjry0fwusdurhkqgdag8gk4czf,1,0, 0.684 
stars14lhvu9zfa7n844zypvt33eck0aukdsa96427rk,1,0, 0.684 
stars1yjlrraspcsv5sk22l3qxn5wwgz9sv68e0d2kwc,1,0, 0.684 
stars1t9dje4dfeu3af5rc2yxsvyeu5td0a2v65axsn0,1,0, 0.684 
stars10yxgsfeg6np6aclkssrxfrmdz2ngupar027tnq,1,0, 0.684 
stars1kx0ae6pr63yhcgxjntfq7sjq7s3z6dngxgsphk,1,0, 0.684 
stars1uq6r0wajgf82pakvvff226jf6a474mr47ywnu9,1,0, 0.684 
stars16pfkyl4a3uq239hr5cleje768m4nmnxt45h07p,1,0, 0.684 
stars1elclpa4cpu3tshp9sd2r5v5gjnm6sn58g9vxw9,1,0, 0.684 
stars1xmv9u389awdw6qpvekwsnkv7zvlyh3qmmuun7v,1,0, 0.684 
stars1hmqf5d6z53akxurv4r2e5cu0f0mfzefsnkmska,1,0, 0.684 
stars1hjlswfagegg7ymu9p2vn84wqzcaf83w2qj89tq,1,0, 0.684 
stars1pads3mmgkn4j72lagu9knv7ycprdkz6jj9d5gadchcl3nd2lx74szvmmmg,1,0, 0.684 
stars1fgehzqfthcfe0xwsds738yk9r0h560qyjue4v5,1,0, 0.684 
stars1kqfjv53g7ll9u6ngvsu5l5nfv9ht24m4zmutv0,1,0, 0.684 
stars19yssr677uxtauv8hpfg4t4ystqx4dj9xsqvpfl,1,0, 0.684 
stars1rf5hprmts0h50ww7mktkly9pw9sdkyt6fqrp58,1,0, 0.684 
stars1tew5tnr97ac4j5u4e8ng5yydu5vzvhn6p8a2ak,1,0, 0.684 
stars1harmsqk0c8sq5kcjwxlzc30rdja8eagvuu05jr,1,0, 0.684 
stars1wtdxl903yrca970d5j6667el49rrkx2hzpfyd3,1,0, 0.684 
stars1munn739y67v4650ww8rsc7rtdq48pg24gxwqwt,1,0, 0.684 
stars1kxexcfqxn9ff8kqhzh7857tdpsmw0ajhnfwnl6,1,0, 0.684 
stars1szcfgdcv203t73ft5msj40qu7pep5gpkkx9alq,1,0, 0.684 
stars1shj26dpmzdg9lcpajewj9ja48m6l5dhmsr6gme,1,0, 0.684 
stars1xk9dsqx5wz44c58e2m5qes2xdgvsc5xg63pdh3,1,0, 0.684 
stars1905any22zesht2td96ycftkfe8yjdt3pr053au,1,0, 0.684 
stars12us0llnfa8avmux5k2ylsru6u4pv0mm3zr6z7h,1,0, 0.684 
stars1yhs2k5fnmvxm633d8w0anl9d88lavvfjfl2kyz,1,0, 0.684 
stars1yv74g5l0nka4nw3vy4uvk5g57lysu86s5hwum6,1,0, 0.684 
stars1hk792hvg4tl27tqg7fqeaezj8qu06u0aazzk27,1,0, 0.684 
stars1xdu3esdfwl28csw43gqzguqhznk8azfugx40n4,1,0, 0.684 
stars1556uyqcqka0hyj30hv8hdgn43upq7ez78m849q,1,0, 0.684 
stars1y8tg6rkzgwav0ef99rwa487y07vut8vt8fuh6d,1,0, 0.684 
stars18fdu02ufsmak66z4qnm6u6es3ztkhdze4ewapl,1,0, 0.684 
stars1g8huu5dyfgae727j7lzur8fv6zdzha8s53yphw,1,0, 0.684 
stars1m74zj2duq6aqunjz4syec6wtquxygrkpe6dfnc,1,0, 0.684 
stars1t9q6jxpjjvtyr0ggyj92tehaxmr92v2nkl9t4z,1,0, 0.684 
stars1psq4yhvpxq02j6vz8zdnwfuu4ydxcn0hv2m5gg,1,0, 0.684 
stars1dru3hmqqnsj6w29ydtd5yad2jnpv3mfrzng6m4,1,0, 0.684 
,,,
Total,2042,,1270
,,,
